id,item_id,dept_id,cat_id,store_id,state_id,date,sales,sell_price
FOODS_1_031_TX_2_evaluation,FOODS_1_031,FOODS_1,FOODS,TX_2,TX,2016-01-24,0,3.54
FOODS_1_031_TX_2_evaluation,FOODS_1_031,FOODS_1,FOODS,TX_2,TX,2016-01-25,2,3.54
FOODS_1_031_TX_2_evaluation,FOODS_1_031,FOODS_1,FOODS,TX_2,TX,2016-01-26,1,3.54
FOODS_1_031_TX_2_evaluation,FOODS_1_031,FOODS_1,FOODS,TX_2,TX,2016-01-27,2,3.54
FOODS_1_031_TX_2_evaluation,FOODS_1_031,FOODS_1,FOODS,TX_2,TX,2016-01-28,0,3.54
FOODS_1_031_TX_2_evaluation,FOODS_1_031,FOODS_1,FOODS,TX_2,TX,2016-01-29,1,3.54
FOODS_1_031_TX_2_evaluation,FOODS_1_031,FOODS_1,FOODS,TX_2,TX,2016-01-30,0,3.54
FOODS_1_031_TX_2_evaluation,FOODS_1_031,FOODS_1,FOODS,TX_2,TX,2016-01-31,3,3.54
FOODS_1_031_TX_2_evaluation,FOODS_1_031,FOODS_1,FOODS,TX_2,TX,2016-02-01,0,3.54
FOODS_1_031_TX_2_evaluation,FOODS_1_031,FOODS_1,FOODS,TX_2,TX,2016-02-02,1,3.54
FOODS_1_031_TX_2_evaluation,FOODS_1_031,FOODS_1,FOODS,TX_2,TX,2016-02-03,1,3.54
FOODS_1_031_TX_2_evaluation,FOODS_1_031,FOODS_1,FOODS,TX_2,TX,2016-02-04,0,3.54
FOODS_1_031_TX_2_evaluation,FOODS_1_031,FOODS_1,FOODS,TX_2,TX,2016-02-05,0,3.54
FOODS_1_031_TX_2_evaluation,FOODS_1_031,FOODS_1,FOODS,TX_2,TX,2016-02-06,0,3.54
FOODS_1_031_TX_2_evaluation,FOODS_1_031,FOODS_1,FOODS,TX_2,TX,2016-02-07,0,3.54
FOODS_1_031_TX_2_evaluation,FOODS_1_031,FOODS_1,FOODS,TX_2,TX,2016-02-08,4,3.54
FOODS_1_031_TX_2_evaluation,FOODS_1_031,FOODS_1,FOODS,TX_2,TX,2016-02-09,1,3.54
FOODS_1_031_TX_2_evaluation,FOODS_1_031,FOODS_1,FOODS,TX_2,TX,2016-02-10,1,3.54
FOODS_1_031_TX_2_evaluation,FOODS_1_031,FOODS_1,FOODS,TX_2,TX,2016-02-11,2,3.54
FOODS_1_031_TX_2_evaluation,FOODS_1_031,FOODS_1,FOODS,TX_2,TX,2016-02-12,1,3.54
FOODS_1_031_TX_2_evaluation,FOODS_1_031,FOODS_1,FOODS,TX_2,TX,2016-02-13,4,3.54
FOODS_1_031_TX_2_evaluation,FOODS_1_031,FOODS_1,FOODS,TX_2,TX,2016-02-14,0,3.54
FOODS_1_031_TX_2_evaluation,FOODS_1_031,FOODS_1,FOODS,TX_2,TX,2016-02-15,3,3.54
FOODS_1_031_TX_2_evaluation,FOODS_1_031,FOODS_1,FOODS,TX_2,TX,2016-02-16,0,3.54
FOODS_1_031_TX_2_evaluation,FOODS_1_031,FOODS_1,FOODS,TX_2,TX,2016-02-17,0,3.54
FOODS_1_031_TX_2_evaluation,FOODS_1_031,FOODS_1,FOODS,TX_2,TX,2016-02-18,0,3.54
FOODS_1_031_TX_2_evaluation,FOODS_1_031,FOODS_1,FOODS,TX_2,TX,2016-02-19,1,3.54
FOODS_1_031_TX_2_evaluation,FOODS_1_031,FOODS_1,FOODS,TX_2,TX,2016-02-20,0,3.54
FOODS_1_031_TX_2_evaluation,FOODS_1_031,FOODS_1,FOODS,TX_2,TX,2016-02-21,0,3.54
FOODS_1_031_TX_2_evaluation,FOODS_1_031,FOODS_1,FOODS,TX_2,TX,2016-02-22,1,3.54
FOODS_1_031_TX_2_evaluation,FOODS_1_031,FOODS_1,FOODS,TX_2,TX,2016-02-23,1,3.54
FOODS_1_031_TX_2_evaluation,FOODS_1_031,FOODS_1,FOODS,TX_2,TX,2016-02-24,2,3.54
FOODS_1_031_TX_2_evaluation,FOODS_1_031,FOODS_1,FOODS,TX_2,TX,2016-02-25,0,3.54
FOODS_1_031_TX_2_evaluation,FOODS_1_031,FOODS_1,FOODS,TX_2,TX,2016-02-26,0,3.54
FOODS_1_031_TX_2_evaluation,FOODS_1_031,FOODS_1,FOODS,TX_2,TX,2016-02-27,0,3.54
FOODS_1_031_TX_2_evaluation,FOODS_1_031,FOODS_1,FOODS,TX_2,TX,2016-02-28,0,3.54
FOODS_1_031_TX_2_evaluation,FOODS_1_031,FOODS_1,FOODS,TX_2,TX,2016-02-29,1,3.54
FOODS_1_031_TX_2_evaluation,FOODS_1_031,FOODS_1,FOODS,TX_2,TX,2016-03-01,1,3.54
FOODS_1_031_TX_2_evaluation,FOODS_1_031,FOODS_1,FOODS,TX_2,TX,2016-03-02,0,3.54
FOODS_1_031_TX_2_evaluation,FOODS_1_031,FOODS_1,FOODS,TX_2,TX,2016-03-03,1,3.54
FOODS_1_031_TX_2_evaluation,FOODS_1_031,FOODS_1,FOODS,TX_2,TX,2016-03-04,0,3.54
FOODS_1_031_TX_2_evaluation,FOODS_1_031,FOODS_1,FOODS,TX_2,TX,2016-03-05,1,3.54
FOODS_1_031_TX_2_evaluation,FOODS_1_031,FOODS_1,FOODS,TX_2,TX,2016-03-06,1,3.54
FOODS_1_031_TX_2_evaluation,FOODS_1_031,FOODS_1,FOODS,TX_2,TX,2016-03-07,1,3.54
FOODS_1_031_TX_2_evaluation,FOODS_1_031,FOODS_1,FOODS,TX_2,TX,2016-03-08,0,3.54
FOODS_1_031_TX_2_evaluation,FOODS_1_031,FOODS_1,FOODS,TX_2,TX,2016-03-09,0,3.54
FOODS_1_031_TX_2_evaluation,FOODS_1_031,FOODS_1,FOODS,TX_2,TX,2016-03-10,1,3.54
FOODS_1_031_TX_2_evaluation,FOODS_1_031,FOODS_1,FOODS,TX_2,TX,2016-03-11,3,3.54
FOODS_1_031_TX_2_evaluation,FOODS_1_031,FOODS_1,FOODS,TX_2,TX,2016-03-12,0,3.54
FOODS_1_031_TX_2_evaluation,FOODS_1_031,FOODS_1,FOODS,TX_2,TX,2016-03-13,0,3.54
FOODS_1_031_TX_2_evaluation,FOODS_1_031,FOODS_1,FOODS,TX_2,TX,2016-03-14,1,3.54
FOODS_1_031_TX_2_evaluation,FOODS_1_031,FOODS_1,FOODS,TX_2,TX,2016-03-15,0,3.54
FOODS_1_031_TX_2_evaluation,FOODS_1_031,FOODS_1,FOODS,TX_2,TX,2016-03-16,0,3.54
FOODS_1_031_TX_2_evaluation,FOODS_1_031,FOODS_1,FOODS,TX_2,TX,2016-03-17,0,3.54
FOODS_1_031_TX_2_evaluation,FOODS_1_031,FOODS_1,FOODS,TX_2,TX,2016-03-18,3,3.54
FOODS_1_031_TX_2_evaluation,FOODS_1_031,FOODS_1,FOODS,TX_2,TX,2016-03-19,1,3.54
FOODS_1_031_TX_2_evaluation,FOODS_1_031,FOODS_1,FOODS,TX_2,TX,2016-03-20,0,3.54
FOODS_1_031_TX_2_evaluation,FOODS_1_031,FOODS_1,FOODS,TX_2,TX,2016-03-21,1,3.54
FOODS_1_031_TX_2_evaluation,FOODS_1_031,FOODS_1,FOODS,TX_2,TX,2016-03-22,2,3.54
FOODS_1_031_TX_2_evaluation,FOODS_1_031,FOODS_1,FOODS,TX_2,TX,2016-03-23,0,3.54
FOODS_1_031_TX_2_evaluation,FOODS_1_031,FOODS_1,FOODS,TX_2,TX,2016-03-24,0,3.54
FOODS_1_031_TX_2_evaluation,FOODS_1_031,FOODS_1,FOODS,TX_2,TX,2016-03-25,1,3.54
FOODS_1_031_TX_2_evaluation,FOODS_1_031,FOODS_1,FOODS,TX_2,TX,2016-03-26,1,3.54
FOODS_1_031_TX_2_evaluation,FOODS_1_031,FOODS_1,FOODS,TX_2,TX,2016-03-27,1,3.54
FOODS_1_031_TX_2_evaluation,FOODS_1_031,FOODS_1,FOODS,TX_2,TX,2016-03-28,1,3.54
FOODS_1_031_TX_2_evaluation,FOODS_1_031,FOODS_1,FOODS,TX_2,TX,2016-03-29,0,3.54
FOODS_1_031_TX_2_evaluation,FOODS_1_031,FOODS_1,FOODS,TX_2,TX,2016-03-30,1,3.54
FOODS_1_031_TX_2_evaluation,FOODS_1_031,FOODS_1,FOODS,TX_2,TX,2016-03-31,0,3.54
FOODS_1_031_TX_2_evaluation,FOODS_1_031,FOODS_1,FOODS,TX_2,TX,2016-04-01,1,3.54
FOODS_1_031_TX_2_evaluation,FOODS_1_031,FOODS_1,FOODS,TX_2,TX,2016-04-02,0,3.54
FOODS_1_031_TX_2_evaluation,FOODS_1_031,FOODS_1,FOODS,TX_2,TX,2016-04-03,0,3.54
FOODS_1_031_TX_2_evaluation,FOODS_1_031,FOODS_1,FOODS,TX_2,TX,2016-04-04,1,3.54
FOODS_1_031_TX_2_evaluation,FOODS_1_031,FOODS_1,FOODS,TX_2,TX,2016-04-05,0,3.54
FOODS_1_031_TX_2_evaluation,FOODS_1_031,FOODS_1,FOODS,TX_2,TX,2016-04-06,0,3.54
FOODS_1_031_TX_2_evaluation,FOODS_1_031,FOODS_1,FOODS,TX_2,TX,2016-04-07,2,3.54
FOODS_1_031_TX_2_evaluation,FOODS_1_031,FOODS_1,FOODS,TX_2,TX,2016-04-08,0,3.54
FOODS_1_031_TX_2_evaluation,FOODS_1_031,FOODS_1,FOODS,TX_2,TX,2016-04-09,0,3.54
FOODS_1_031_TX_2_evaluation,FOODS_1_031,FOODS_1,FOODS,TX_2,TX,2016-04-10,0,3.54
FOODS_1_031_TX_2_evaluation,FOODS_1_031,FOODS_1,FOODS,TX_2,TX,2016-04-11,0,3.54
FOODS_1_031_TX_2_evaluation,FOODS_1_031,FOODS_1,FOODS,TX_2,TX,2016-04-12,2,3.54
FOODS_1_031_TX_2_evaluation,FOODS_1_031,FOODS_1,FOODS,TX_2,TX,2016-04-13,2,3.54
FOODS_1_031_TX_2_evaluation,FOODS_1_031,FOODS_1,FOODS,TX_2,TX,2016-04-14,0,3.54
FOODS_1_031_TX_2_evaluation,FOODS_1_031,FOODS_1,FOODS,TX_2,TX,2016-04-15,1,3.54
FOODS_1_031_TX_2_evaluation,FOODS_1_031,FOODS_1,FOODS,TX_2,TX,2016-04-16,0,3.54
FOODS_1_031_TX_2_evaluation,FOODS_1_031,FOODS_1,FOODS,TX_2,TX,2016-04-17,2,3.54
FOODS_1_031_TX_2_evaluation,FOODS_1_031,FOODS_1,FOODS,TX_2,TX,2016-04-18,1,3.54
FOODS_1_031_TX_2_evaluation,FOODS_1_031,FOODS_1,FOODS,TX_2,TX,2016-04-19,0,3.54
FOODS_1_031_TX_2_evaluation,FOODS_1_031,FOODS_1,FOODS,TX_2,TX,2016-04-20,0,3.54
FOODS_1_031_TX_2_evaluation,FOODS_1_031,FOODS_1,FOODS,TX_2,TX,2016-04-21,0,3.54
FOODS_1_031_TX_2_evaluation,FOODS_1_031,FOODS_1,FOODS,TX_2,TX,2016-04-22,0,3.54
FOODS_1_031_TX_2_evaluation,FOODS_1_031,FOODS_1,FOODS,TX_2,TX,2016-04-23,1,3.54
FOODS_1_031_TX_2_evaluation,FOODS_1_031,FOODS_1,FOODS,TX_2,TX,2016-04-24,0,3.54
FOODS_1_031_TX_2_evaluation,FOODS_1_031,FOODS_1,FOODS,TX_2,TX,2016-04-25,1,3.54
FOODS_1_031_TX_2_evaluation,FOODS_1_031,FOODS_1,FOODS,TX_2,TX,2016-04-26,1,3.54
FOODS_1_031_TX_2_evaluation,FOODS_1_031,FOODS_1,FOODS,TX_2,TX,2016-04-27,0,3.54
FOODS_1_031_TX_2_evaluation,FOODS_1_031,FOODS_1,FOODS,TX_2,TX,2016-04-28,0,3.54
FOODS_1_031_TX_2_evaluation,FOODS_1_031,FOODS_1,FOODS,TX_2,TX,2016-04-29,0,3.54
FOODS_1_031_TX_2_evaluation,FOODS_1_031,FOODS_1,FOODS,TX_2,TX,2016-04-30,0,3.54
FOODS_1_031_TX_2_evaluation,FOODS_1_031,FOODS_1,FOODS,TX_2,TX,2016-05-01,0,3.54
FOODS_1_031_TX_2_evaluation,FOODS_1_031,FOODS_1,FOODS,TX_2,TX,2016-05-02,1,3.54
FOODS_1_031_TX_2_evaluation,FOODS_1_031,FOODS_1,FOODS,TX_2,TX,2016-05-03,2,3.54
FOODS_1_031_TX_2_evaluation,FOODS_1_031,FOODS_1,FOODS,TX_2,TX,2016-05-04,1,3.54
FOODS_1_031_TX_2_evaluation,FOODS_1_031,FOODS_1,FOODS,TX_2,TX,2016-05-05,1,3.54
FOODS_1_031_TX_2_evaluation,FOODS_1_031,FOODS_1,FOODS,TX_2,TX,2016-05-06,2,3.54
FOODS_1_031_TX_2_evaluation,FOODS_1_031,FOODS_1,FOODS,TX_2,TX,2016-05-07,1,3.54
FOODS_1_031_TX_2_evaluation,FOODS_1_031,FOODS_1,FOODS,TX_2,TX,2016-05-08,5,3.54
FOODS_1_031_TX_2_evaluation,FOODS_1_031,FOODS_1,FOODS,TX_2,TX,2016-05-09,0,3.54
FOODS_1_031_TX_2_evaluation,FOODS_1_031,FOODS_1,FOODS,TX_2,TX,2016-05-10,4,3.54
FOODS_1_031_TX_2_evaluation,FOODS_1_031,FOODS_1,FOODS,TX_2,TX,2016-05-11,0,3.54
FOODS_1_031_TX_2_evaluation,FOODS_1_031,FOODS_1,FOODS,TX_2,TX,2016-05-12,0,3.54
FOODS_1_031_TX_2_evaluation,FOODS_1_031,FOODS_1,FOODS,TX_2,TX,2016-05-13,0,3.54
FOODS_1_031_TX_2_evaluation,FOODS_1_031,FOODS_1,FOODS,TX_2,TX,2016-05-14,1,3.54
FOODS_1_031_TX_2_evaluation,FOODS_1_031,FOODS_1,FOODS,TX_2,TX,2016-05-15,0,3.54
FOODS_1_031_TX_2_evaluation,FOODS_1_031,FOODS_1,FOODS,TX_2,TX,2016-05-16,0,3.54
FOODS_1_031_TX_2_evaluation,FOODS_1_031,FOODS_1,FOODS,TX_2,TX,2016-05-17,0,3.54
FOODS_1_031_TX_2_evaluation,FOODS_1_031,FOODS_1,FOODS,TX_2,TX,2016-05-18,0,3.54
FOODS_1_031_TX_2_evaluation,FOODS_1_031,FOODS_1,FOODS,TX_2,TX,2016-05-19,1,3.54
FOODS_1_031_TX_2_evaluation,FOODS_1_031,FOODS_1,FOODS,TX_2,TX,2016-05-20,0,3.54
FOODS_1_031_TX_2_evaluation,FOODS_1_031,FOODS_1,FOODS,TX_2,TX,2016-05-21,0,3.54
FOODS_1_031_TX_2_evaluation,FOODS_1_031,FOODS_1,FOODS,TX_2,TX,2016-05-22,1,3.54
HOBBIES_1_150_CA_1_evaluation,HOBBIES_1_150,HOBBIES_1,HOBBIES,CA_1,CA,2016-01-24,1,1.77
HOBBIES_1_150_CA_1_evaluation,HOBBIES_1_150,HOBBIES_1,HOBBIES,CA_1,CA,2016-01-25,0,1.77
HOBBIES_1_150_CA_1_evaluation,HOBBIES_1_150,HOBBIES_1,HOBBIES,CA_1,CA,2016-01-26,0,1.77
HOBBIES_1_150_CA_1_evaluation,HOBBIES_1_150,HOBBIES_1,HOBBIES,CA_1,CA,2016-01-27,0,1.77
HOBBIES_1_150_CA_1_evaluation,HOBBIES_1_150,HOBBIES_1,HOBBIES,CA_1,CA,2016-01-28,1,1.77
HOBBIES_1_150_CA_1_evaluation,HOBBIES_1_150,HOBBIES_1,HOBBIES,CA_1,CA,2016-01-29,0,1.77
HOBBIES_1_150_CA_1_evaluation,HOBBIES_1_150,HOBBIES_1,HOBBIES,CA_1,CA,2016-01-30,6,1.77
HOBBIES_1_150_CA_1_evaluation,HOBBIES_1_150,HOBBIES_1,HOBBIES,CA_1,CA,2016-01-31,0,1.77
HOBBIES_1_150_CA_1_evaluation,HOBBIES_1_150,HOBBIES_1,HOBBIES,CA_1,CA,2016-02-01,0,1.77
HOBBIES_1_150_CA_1_evaluation,HOBBIES_1_150,HOBBIES_1,HOBBIES,CA_1,CA,2016-02-02,0,1.77
HOBBIES_1_150_CA_1_evaluation,HOBBIES_1_150,HOBBIES_1,HOBBIES,CA_1,CA,2016-02-03,0,1.77
HOBBIES_1_150_CA_1_evaluation,HOBBIES_1_150,HOBBIES_1,HOBBIES,CA_1,CA,2016-02-04,0,1.77
HOBBIES_1_150_CA_1_evaluation,HOBBIES_1_150,HOBBIES_1,HOBBIES,CA_1,CA,2016-02-05,0,1.77
HOBBIES_1_150_CA_1_evaluation,HOBBIES_1_150,HOBBIES_1,HOBBIES,CA_1,CA,2016-02-06,2,1.77
HOBBIES_1_150_CA_1_evaluation,HOBBIES_1_150,HOBBIES_1,HOBBIES,CA_1,CA,2016-02-07,2,1.77
HOBBIES_1_150_CA_1_evaluation,HOBBIES_1_150,HOBBIES_1,HOBBIES,CA_1,CA,2016-02-08,2,1.77
HOBBIES_1_150_CA_1_evaluation,HOBBIES_1_150,HOBBIES_1,HOBBIES,CA_1,CA,2016-02-09,0,1.77
HOBBIES_1_150_CA_1_evaluation,HOBBIES_1_150,HOBBIES_1,HOBBIES,CA_1,CA,2016-02-10,3,1.77
HOBBIES_1_150_CA_1_evaluation,HOBBIES_1_150,HOBBIES_1,HOBBIES,CA_1,CA,2016-02-11,0,1.77
HOBBIES_1_150_CA_1_evaluation,HOBBIES_1_150,HOBBIES_1,HOBBIES,CA_1,CA,2016-02-12,0,1.77
HOBBIES_1_150_CA_1_evaluation,HOBBIES_1_150,HOBBIES_1,HOBBIES,CA_1,CA,2016-02-13,2,1.77
HOBBIES_1_150_CA_1_evaluation,HOBBIES_1_150,HOBBIES_1,HOBBIES,CA_1,CA,2016-02-14,1,1.77
HOBBIES_1_150_CA_1_evaluation,HOBBIES_1_150,HOBBIES_1,HOBBIES,CA_1,CA,2016-02-15,0,1.77
HOBBIES_1_150_CA_1_evaluation,HOBBIES_1_150,HOBBIES_1,HOBBIES,CA_1,CA,2016-02-16,0,1.77
HOBBIES_1_150_CA_1_evaluation,HOBBIES_1_150,HOBBIES_1,HOBBIES,CA_1,CA,2016-02-17,0,1.77
HOBBIES_1_150_CA_1_evaluation,HOBBIES_1_150,HOBBIES_1,HOBBIES,CA_1,CA,2016-02-18,0,1.77
HOBBIES_1_150_CA_1_evaluation,HOBBIES_1_150,HOBBIES_1,HOBBIES,CA_1,CA,2016-02-19,6,1.77
HOBBIES_1_150_CA_1_evaluation,HOBBIES_1_150,HOBBIES_1,HOBBIES,CA_1,CA,2016-02-20,2,1.77
HOBBIES_1_150_CA_1_evaluation,HOBBIES_1_150,HOBBIES_1,HOBBIES,CA_1,CA,2016-02-21,0,1.77
HOBBIES_1_150_CA_1_evaluation,HOBBIES_1_150,HOBBIES_1,HOBBIES,CA_1,CA,2016-02-22,0,1.77
HOBBIES_1_150_CA_1_evaluation,HOBBIES_1_150,HOBBIES_1,HOBBIES,CA_1,CA,2016-02-23,0,1.77
HOBBIES_1_150_CA_1_evaluation,HOBBIES_1_150,HOBBIES_1,HOBBIES,CA_1,CA,2016-02-24,0,1.77
HOBBIES_1_150_CA_1_evaluation,HOBBIES_1_150,HOBBIES_1,HOBBIES,CA_1,CA,2016-02-25,0,1.77
HOBBIES_1_150_CA_1_evaluation,HOBBIES_1_150,HOBBIES_1,HOBBIES,CA_1,CA,2016-02-26,1,1.77
HOBBIES_1_150_CA_1_evaluation,HOBBIES_1_150,HOBBIES_1,HOBBIES,CA_1,CA,2016-02-27,0,1.77
HOBBIES_1_150_CA_1_evaluation,HOBBIES_1_150,HOBBIES_1,HOBBIES,CA_1,CA,2016-02-28,2,1.77
HOBBIES_1_150_CA_1_evaluation,HOBBIES_1_150,HOBBIES_1,HOBBIES,CA_1,CA,2016-02-29,0,1.77
HOBBIES_1_150_CA_1_evaluation,HOBBIES_1_150,HOBBIES_1,HOBBIES,CA_1,CA,2016-03-01,0,1.77
HOBBIES_1_150_CA_1_evaluation,HOBBIES_1_150,HOBBIES_1,HOBBIES,CA_1,CA,2016-03-02,0,1.77
HOBBIES_1_150_CA_1_evaluation,HOBBIES_1_150,HOBBIES_1,HOBBIES,CA_1,CA,2016-03-03,0,1.77
HOBBIES_1_150_CA_1_evaluation,HOBBIES_1_150,HOBBIES_1,HOBBIES,CA_1,CA,2016-03-04,0,1.77
HOBBIES_1_150_CA_1_evaluation,HOBBIES_1_150,HOBBIES_1,HOBBIES,CA_1,CA,2016-03-05,1,1.77
HOBBIES_1_150_CA_1_evaluation,HOBBIES_1_150,HOBBIES_1,HOBBIES,CA_1,CA,2016-03-06,0,1.77
HOBBIES_1_150_CA_1_evaluation,HOBBIES_1_150,HOBBIES_1,HOBBIES,CA_1,CA,2016-03-07,2,1.77
HOBBIES_1_150_CA_1_evaluation,HOBBIES_1_150,HOBBIES_1,HOBBIES,CA_1,CA,2016-03-08,0,1.77
HOBBIES_1_150_CA_1_evaluation,HOBBIES_1_150,HOBBIES_1,HOBBIES,CA_1,CA,2016-03-09,0,1.77
HOBBIES_1_150_CA_1_evaluation,HOBBIES_1_150,HOBBIES_1,HOBBIES,CA_1,CA,2016-03-10,0,1.77
HOBBIES_1_150_CA_1_evaluation,HOBBIES_1_150,HOBBIES_1,HOBBIES,CA_1,CA,2016-03-11,0,1.77
HOBBIES_1_150_CA_1_evaluation,HOBBIES_1_150,HOBBIES_1,HOBBIES,CA_1,CA,2016-03-12,0,1.77
HOBBIES_1_150_CA_1_evaluation,HOBBIES_1_150,HOBBIES_1,HOBBIES,CA_1,CA,2016-03-13,0,1.77
HOBBIES_1_150_CA_1_evaluation,HOBBIES_1_150,HOBBIES_1,HOBBIES,CA_1,CA,2016-03-14,9,1.77
HOBBIES_1_150_CA_1_evaluation,HOBBIES_1_150,HOBBIES_1,HOBBIES,CA_1,CA,2016-03-15,0,1.77
HOBBIES_1_150_CA_1_evaluation,HOBBIES_1_150,HOBBIES_1,HOBBIES,CA_1,CA,2016-03-16,0,1.77
HOBBIES_1_150_CA_1_evaluation,HOBBIES_1_150,HOBBIES_1,HOBBIES,CA_1,CA,2016-03-17,0,1.77
HOBBIES_1_150_CA_1_evaluation,HOBBIES_1_150,HOBBIES_1,HOBBIES,CA_1,CA,2016-03-18,3,1.77
HOBBIES_1_150_CA_1_evaluation,HOBBIES_1_150,HOBBIES_1,HOBBIES,CA_1,CA,2016-03-19,0,1.77
HOBBIES_1_150_CA_1_evaluation,HOBBIES_1_150,HOBBIES_1,HOBBIES,CA_1,CA,2016-03-20,3,1.77
HOBBIES_1_150_CA_1_evaluation,HOBBIES_1_150,HOBBIES_1,HOBBIES,CA_1,CA,2016-03-21,3,1.77
HOBBIES_1_150_CA_1_evaluation,HOBBIES_1_150,HOBBIES_1,HOBBIES,CA_1,CA,2016-03-22,0,1.77
HOBBIES_1_150_CA_1_evaluation,HOBBIES_1_150,HOBBIES_1,HOBBIES,CA_1,CA,2016-03-23,0,1.77
HOBBIES_1_150_CA_1_evaluation,HOBBIES_1_150,HOBBIES_1,HOBBIES,CA_1,CA,2016-03-24,0,1.77
HOBBIES_1_150_CA_1_evaluation,HOBBIES_1_150,HOBBIES_1,HOBBIES,CA_1,CA,2016-03-25,0,1.77
HOBBIES_1_150_CA_1_evaluation,HOBBIES_1_150,HOBBIES_1,HOBBIES,CA_1,CA,2016-03-26,0,1.77
HOBBIES_1_150_CA_1_evaluation,HOBBIES_1_150,HOBBIES_1,HOBBIES,CA_1,CA,2016-03-27,0,1.77
HOBBIES_1_150_CA_1_evaluation,HOBBIES_1_150,HOBBIES_1,HOBBIES,CA_1,CA,2016-03-28,0,1.77
HOBBIES_1_150_CA_1_evaluation,HOBBIES_1_150,HOBBIES_1,HOBBIES,CA_1,CA,2016-03-29,0,1.77
HOBBIES_1_150_CA_1_evaluation,HOBBIES_1_150,HOBBIES_1,HOBBIES,CA_1,CA,2016-03-30,1,1.77
HOBBIES_1_150_CA_1_evaluation,HOBBIES_1_150,HOBBIES_1,HOBBIES,CA_1,CA,2016-03-31,0,1.77
HOBBIES_1_150_CA_1_evaluation,HOBBIES_1_150,HOBBIES_1,HOBBIES,CA_1,CA,2016-04-01,0,1.77
HOBBIES_1_150_CA_1_evaluation,HOBBIES_1_150,HOBBIES_1,HOBBIES,CA_1,CA,2016-04-02,0,1.77
HOBBIES_1_150_CA_1_evaluation,HOBBIES_1_150,HOBBIES_1,HOBBIES,CA_1,CA,2016-04-03,1,1.77
HOBBIES_1_150_CA_1_evaluation,HOBBIES_1_150,HOBBIES_1,HOBBIES,CA_1,CA,2016-04-04,0,1.77
HOBBIES_1_150_CA_1_evaluation,HOBBIES_1_150,HOBBIES_1,HOBBIES,CA_1,CA,2016-04-05,1,1.77
HOBBIES_1_150_CA_1_evaluation,HOBBIES_1_150,HOBBIES_1,HOBBIES,CA_1,CA,2016-04-06,0,1.77
HOBBIES_1_150_CA_1_evaluation,HOBBIES_1_150,HOBBIES_1,HOBBIES,CA_1,CA,2016-04-07,0,1.77
HOBBIES_1_150_CA_1_evaluation,HOBBIES_1_150,HOBBIES_1,HOBBIES,CA_1,CA,2016-04-08,2,1.77
HOBBIES_1_150_CA_1_evaluation,HOBBIES_1_150,HOBBIES_1,HOBBIES,CA_1,CA,2016-04-09,5,1.77
HOBBIES_1_150_CA_1_evaluation,HOBBIES_1_150,HOBBIES_1,HOBBIES,CA_1,CA,2016-04-10,0,1.77
HOBBIES_1_150_CA_1_evaluation,HOBBIES_1_150,HOBBIES_1,HOBBIES,CA_1,CA,2016-04-11,0,1.77
HOBBIES_1_150_CA_1_evaluation,HOBBIES_1_150,HOBBIES_1,HOBBIES,CA_1,CA,2016-04-12,6,1.77
HOBBIES_1_150_CA_1_evaluation,HOBBIES_1_150,HOBBIES_1,HOBBIES,CA_1,CA,2016-04-13,0,1.77
HOBBIES_1_150_CA_1_evaluation,HOBBIES_1_150,HOBBIES_1,HOBBIES,CA_1,CA,2016-04-14,0,1.77
HOBBIES_1_150_CA_1_evaluation,HOBBIES_1_150,HOBBIES_1,HOBBIES,CA_1,CA,2016-04-15,0,1.77
HOBBIES_1_150_CA_1_evaluation,HOBBIES_1_150,HOBBIES_1,HOBBIES,CA_1,CA,2016-04-16,0,1.77
HOBBIES_1_150_CA_1_evaluation,HOBBIES_1_150,HOBBIES_1,HOBBIES,CA_1,CA,2016-04-17,0,1.77
HOBBIES_1_150_CA_1_evaluation,HOBBIES_1_150,HOBBIES_1,HOBBIES,CA_1,CA,2016-04-18,0,1.77
HOBBIES_1_150_CA_1_evaluation,HOBBIES_1_150,HOBBIES_1,HOBBIES,CA_1,CA,2016-04-19,0,1.77
HOBBIES_1_150_CA_1_evaluation,HOBBIES_1_150,HOBBIES_1,HOBBIES,CA_1,CA,2016-04-20,0,1.77
HOBBIES_1_150_CA_1_evaluation,HOBBIES_1_150,HOBBIES_1,HOBBIES,CA_1,CA,2016-04-21,2,1.77
HOBBIES_1_150_CA_1_evaluation,HOBBIES_1_150,HOBBIES_1,HOBBIES,CA_1,CA,2016-04-22,0,1.77
HOBBIES_1_150_CA_1_evaluation,HOBBIES_1_150,HOBBIES_1,HOBBIES,CA_1,CA,2016-04-23,3,1.77
HOBBIES_1_150_CA_1_evaluation,HOBBIES_1_150,HOBBIES_1,HOBBIES,CA_1,CA,2016-04-24,3,1.77
HOBBIES_1_150_CA_1_evaluation,HOBBIES_1_150,HOBBIES_1,HOBBIES,CA_1,CA,2016-04-25,8,1.77
HOBBIES_1_150_CA_1_evaluation,HOBBIES_1_150,HOBBIES_1,HOBBIES,CA_1,CA,2016-04-26,0,1.77
HOBBIES_1_150_CA_1_evaluation,HOBBIES_1_150,HOBBIES_1,HOBBIES,CA_1,CA,2016-04-27,8,1.77
HOBBIES_1_150_CA_1_evaluation,HOBBIES_1_150,HOBBIES_1,HOBBIES,CA_1,CA,2016-04-28,0,1.77
HOBBIES_1_150_CA_1_evaluation,HOBBIES_1_150,HOBBIES_1,HOBBIES,CA_1,CA,2016-04-29,0,1.77
HOBBIES_1_150_CA_1_evaluation,HOBBIES_1_150,HOBBIES_1,HOBBIES,CA_1,CA,2016-04-30,0,1.77
HOBBIES_1_150_CA_1_evaluation,HOBBIES_1_150,HOBBIES_1,HOBBIES,CA_1,CA,2016-05-01,0,1.77
HOBBIES_1_150_CA_1_evaluation,HOBBIES_1_150,HOBBIES_1,HOBBIES,CA_1,CA,2016-05-02,0,1.77
HOBBIES_1_150_CA_1_evaluation,HOBBIES_1_150,HOBBIES_1,HOBBIES,CA_1,CA,2016-05-03,0,1.77
HOBBIES_1_150_CA_1_evaluation,HOBBIES_1_150,HOBBIES_1,HOBBIES,CA_1,CA,2016-05-04,0,1.77
HOBBIES_1_150_CA_1_evaluation,HOBBIES_1_150,HOBBIES_1,HOBBIES,CA_1,CA,2016-05-05,0,1.77
HOBBIES_1_150_CA_1_evaluation,HOBBIES_1_150,HOBBIES_1,HOBBIES,CA_1,CA,2016-05-06,0,1.77
HOBBIES_1_150_CA_1_evaluation,HOBBIES_1_150,HOBBIES_1,HOBBIES,CA_1,CA,2016-05-07,0,1.77
HOBBIES_1_150_CA_1_evaluation,HOBBIES_1_150,HOBBIES_1,HOBBIES,CA_1,CA,2016-05-08,0,1.77
HOBBIES_1_150_CA_1_evaluation,HOBBIES_1_150,HOBBIES_1,HOBBIES,CA_1,CA,2016-05-09,0,1.77
HOBBIES_1_150_CA_1_evaluation,HOBBIES_1_150,HOBBIES_1,HOBBIES,CA_1,CA,2016-05-10,0,1.77
HOBBIES_1_150_CA_1_evaluation,HOBBIES_1_150,HOBBIES_1,HOBBIES,CA_1,CA,2016-05-11,1,1.77
HOBBIES_1_150_CA_1_evaluation,HOBBIES_1_150,HOBBIES_1,HOBBIES,CA_1,CA,2016-05-12,8,1.77
HOBBIES_1_150_CA_1_evaluation,HOBBIES_1_150,HOBBIES_1,HOBBIES,CA_1,CA,2016-05-13,2,1.77
HOBBIES_1_150_CA_1_evaluation,HOBBIES_1_150,HOBBIES_1,HOBBIES,CA_1,CA,2016-05-14,0,1.77
HOBBIES_1_150_CA_1_evaluation,HOBBIES_1_150,HOBBIES_1,HOBBIES,CA_1,CA,2016-05-15,0,1.77
HOBBIES_1_150_CA_1_evaluation,HOBBIES_1_150,HOBBIES_1,HOBBIES,CA_1,CA,2016-05-16,0,1.77
HOBBIES_1_150_CA_1_evaluation,HOBBIES_1_150,HOBBIES_1,HOBBIES,CA_1,CA,2016-05-17,2,1.77
HOBBIES_1_150_CA_1_evaluation,HOBBIES_1_150,HOBBIES_1,HOBBIES,CA_1,CA,2016-05-18,0,1.77
HOBBIES_1_150_CA_1_evaluation,HOBBIES_1_150,HOBBIES_1,HOBBIES,CA_1,CA,2016-05-19,0,1.77
HOBBIES_1_150_CA_1_evaluation,HOBBIES_1_150,HOBBIES_1,HOBBIES,CA_1,CA,2016-05-20,1,1.77
HOBBIES_1_150_CA_1_evaluation,HOBBIES_1_150,HOBBIES_1,HOBBIES,CA_1,CA,2016-05-21,2,1.77
HOBBIES_1_150_CA_1_evaluation,HOBBIES_1_150,HOBBIES_1,HOBBIES,CA_1,CA,2016-05-22,0,1.77
